   0	-8.671429e-01	-3.544286e-01	3.623506e-01
   1	-8.702857e-01	-3.562381e-01	3.623765e-01
   2	-8.702857e-01	-3.550952e-01	3.638025e-01
   3	-8.720000e-01	-3.570476e-01	3.635206e-01
   4	-8.720000e-01	-3.553333e-01	3.645471e-01
   5	-8.720000e-01	-3.722381e-01	3.512645e-01
   6	-8.720000e-01	-4.841429e-01	3.841595e-01
   7	-8.740000e-01	-3.560476e-01	3.655571e-01
   8	-8.740000e-01	-3.538571e-01	3.590799e-01
   9	-8.740000e-01	-3.527619e-01	3.601619e-01
  10	-8.740000e-01	-3.550952e-01	3.607942e-01
  11	-8.740000e-01	-3.541429e-01	3.594744e-01
  12	-8.740000e-01	-3.560952e-01	3.621884e-01
  13	-8.740000e-01	-3.557619e-01	3.641393e-01
  14	-8.740000e-01	-3.524286e-01	3.633985e-01
  15	-8.740000e-01	-4.733333e-01	3.763039e-01
  16	-8.740000e-01	-3.533333e-01	3.583586e-01
  17	-8.740000e-01	-3.554762e-01	3.613243e-01
  18	-8.740000e-01	-3.540000e-01	3.592771e-01
  19	-8.740000e-01	-3.579048e-01	3.647325e-01
  20	-8.740000e-01	-3.566191e-01	3.629220e-01
  21	-8.740000e-01	-3.570476e-01	3.635240e-01
  22	-8.740000e-01	-3.575714e-01	3.642618e-01
  23	-8.740000e-01	-3.570476e-01	3.635240e-01
  24	-8.740000e-01	-3.573333e-01	3.639261e-01
  25	-8.740000e-01	-3.614286e-01	3.561960e-01
  26	-8.740000e-01	-3.790952e-01	3.498613e-01
  27	-8.740000e-01	-4.073333e-01	3.467846e-01
  28	-8.740000e-01	-3.555238e-01	3.613907e-01
  29	-8.740000e-01	-3.572381e-01	3.637920e-01
  30	-8.740000e-01	-3.535238e-01	3.586206e-01
  31	-8.740000e-01	-3.550476e-01	3.641486e-01
  32	-8.740000e-01	-3.578571e-01	3.642617e-01
  33	-8.740000e-01	-3.557619e-01	3.646462e-01
  34	-8.740000e-01	-3.537619e-01	3.589486e-01
  35	-8.740000e-01	-3.569048e-01	3.633232e-01
  36	-8.740000e-01	-4.671905e-01	3.685123e-01
  37	-8.740000e-01	-3.554762e-01	3.613243e-01
  38	-8.740000e-01	-3.551905e-01	3.609266e-01
  39	-8.740000e-01	-3.559048e-01	3.619222e-01
  40	-8.774286e-01	-3.585714e-01	3.656766e-01
  41	-8.774286e-01	-3.540000e-01	3.593207e-01
  42	-8.774286e-01	-3.531429e-01	3.623318e-01
  43	-8.774286e-01	-3.542381e-01	3.628411e-01
  44	-8.774286e-01	-3.572857e-01	3.638712e-01
  45	-8.774286e-01	-3.550476e-01	3.652626e-01
  46	-8.774286e-01	-3.550952e-01	3.654300e-01
  47	-8.774286e-01	-3.570476e-01	3.635383e-01
  48	-8.774286e-01	-3.552857e-01	3.652101e-01
  49	-8.774286e-01	-3.569048e-01	3.633389e-01
  50	-8.774286e-01	-3.565238e-01	3.628078e-01
  51	-8.774286e-01	-3.609524e-01	3.614076e-01
  52	-8.774286e-01	-3.557143e-01	3.647952e-01
  53	-8.774286e-01	-3.578095e-01	3.646050e-01
  54	-8.774286e-01	-3.555714e-01	3.614855e-01
  55	-8.774286e-01	-4.173810e-01	3.452396e-01
  56	-8.774286e-01	-3.581429e-01	3.650732e-01
  57	-8.774286e-01	-3.618095e-01	3.593424e-01
  58	-8.774286e-01	-3.541429e-01	3.633132e-01
  59	-8.774286e-01	-3.561429e-01	3.640824e-01
  60	-8.774286e-01	-3.618095e-01	3.612885e-01
  61	-8.774286e-01	-3.544762e-01	3.599744e-01
  62	-8.774286e-01	-3.572857e-01	3.638712e-01
  63	-8.774286e-01	-3.550000e-01	3.642024e-01
  64	-8.774286e-01	-3.583810e-01	3.654082e-01
  65	-8.774286e-01	-3.562381e-01	3.624103e-01
  66	-8.774286e-01	-3.571429e-01	3.636714e-01
  67	-8.774286e-01	-3.554286e-01	3.612878e-01
  68	-8.774286e-01	-3.570476e-01	3.635383e-01
  69	-8.774286e-01	-4.494762e-01	3.566508e-01
  70	-8.774286e-01	-3.556190e-01	3.615514e-01
  71	-8.774286e-01	-3.575714e-01	3.642712e-01
  72	-8.774286e-01	-3.573810e-01	3.640044e-01
  73	-8.774286e-01	-3.564286e-01	3.626752e-01
  74	-8.774286e-01	-4.751429e-01	3.758549e-01
  75	-8.774286e-01	-3.566667e-01	3.630068e-01
  76	-8.774286e-01	-3.558571e-01	3.618814e-01
  77	-8.774286e-01	-3.561905e-01	3.623441e-01
  78	-8.774286e-01	-3.573810e-01	3.640044e-01
  79	-8.774286e-01	-3.558095e-01	3.618154e-01
  80	-8.774286e-01	-3.730476e-01	3.582359e-01
  81	-8.774286e-01	-3.539048e-01	3.613776e-01
  82	-8.774286e-01	-3.632381e-01	3.602648e-01
  83	-8.774286e-01	-3.559048e-01	3.619474e-01
  84	-8.774286e-01	-3.570000e-01	3.634718e-01
  85	-8.774286e-01	-3.545238e-01	3.600399e-01
  86	-8.774286e-01	-3.508095e-01	3.632586e-01
  87	-8.774286e-01	-3.534762e-01	3.586038e-01
  88	-8.774286e-01	-3.547143e-01	3.582288e-01
  89	-8.774286e-01	-3.553810e-01	3.617201e-01
  90	-8.774286e-01	-3.522381e-01	3.656438e-01
  91	-8.774286e-01	-3.580952e-01	3.650063e-01
  92	-8.774286e-01	-3.568095e-01	3.632060e-01
  93	-8.774286e-01	-4.621429e-01	3.651448e-01
  94	-8.774286e-01	-3.542381e-01	3.596473e-01
  95	-8.774286e-01	-3.470000e-01	3.675101e-01
  96	-8.774286e-01	-4.726191e-01	3.834344e-01
  97	-8.774286e-01	-3.560000e-01	3.620796e-01
  98	-8.774286e-01	-3.540952e-01	3.594513e-01
  99	-8.774286e-01	-3.548095e-01	3.604332e-01
 100	-8.774286e-01	-3.572857e-01	3.660887e-01
 101	-8.774286e-01	-3.580000e-01	3.648725e-01
 102	-8.774286e-01	-3.560476e-01	3.653629e-01
 103	-8.774286e-01	-3.566667e-01	3.630068e-01
 104	-8.774286e-01	-3.563810e-01	3.626090e-01
 105	-8.774286e-01	-3.566667e-01	3.630068e-01
 106	-8.774286e-01	-3.549524e-01	3.606302e-01
 107	-8.774286e-01	-4.675714e-01	3.690887e-01
 108	-8.774286e-01	-3.563810e-01	3.626090e-01
 109	-8.774286e-01	-3.568095e-01	3.632060e-01
 110	-8.774286e-01	-3.564762e-01	3.626416e-01
 111	-8.774286e-01	-3.551905e-01	3.610582e-01
 112	-8.774286e-01	-3.545714e-01	3.636059e-01
 113	-8.774286e-01	-3.573333e-01	3.668662e-01
 114	-8.774286e-01	-3.571429e-01	3.672079e-01
 115	-8.774286e-01	-3.570000e-01	3.634718e-01
 116	-8.774286e-01	-3.585238e-01	3.656094e-01
 117	-8.774286e-01	-3.547619e-01	3.632662e-01
 118	-8.774286e-01	-3.573810e-01	3.640044e-01
 119	-8.774286e-01	-3.565238e-01	3.628078e-01
 120	-8.774286e-01	-3.916191e-01	3.437013e-01
 121	-8.774286e-01	-3.571429e-01	3.636714e-01
 122	-8.774286e-01	-3.533810e-01	3.644503e-01
 123	-8.774286e-01	-3.540000e-01	3.613091e-01
 124	-8.774286e-01	-3.562381e-01	3.624103e-01
 125	-8.774286e-01	-3.914762e-01	3.514586e-01
 126	-8.774286e-01	-3.539524e-01	3.592554e-01
 127	-8.774286e-01	-3.580000e-01	3.648725e-01
 128	-8.774286e-01	-3.569048e-01	3.668721e-01
 129	-8.774286e-01	-4.845238e-01	3.845546e-01
 130	-8.774286e-01	-3.582381e-01	3.652072e-01
 131	-8.774286e-01	-3.557619e-01	3.617494e-01
 132	-8.774286e-01	-3.570000e-01	3.634718e-01
 133	-8.774286e-01	-4.626667e-01	3.653830e-01
 134	-8.774286e-01	-3.564762e-01	3.627415e-01
 135	-8.774286e-01	-3.558095e-01	3.620582e-01
 136	-8.774286e-01	-4.640952e-01	3.661259e-01
 137	-8.774286e-01	-3.563333e-01	3.625427e-01
 138	-8.774286e-01	-3.571905e-01	3.637380e-01
 139	-8.774286e-01	-3.549048e-01	3.630623e-01
 140	-8.774286e-01	-3.544762e-01	3.621671e-01
 141	-8.774286e-01	-3.546191e-01	3.601710e-01
 142	-8.774286e-01	-4.274762e-01	3.471703e-01
 143	-8.774286e-01	-3.560000e-01	3.620796e-01
 144	-8.774286e-01	-3.577619e-01	3.645382e-01
 145	-8.774286e-01	-4.768571e-01	3.770794e-01
 146	-8.774286e-01	-3.575238e-01	3.642045e-01
 147	-8.774286e-01	-3.556191e-01	3.644600e-01
 148	-8.774286e-01	-3.548572e-01	3.604989e-01
 149	-8.774286e-01	-3.576667e-01	3.644047e-01
 150	-8.774286e-01	-3.614286e-01	3.620291e-01
 151	-8.774286e-01	-3.555238e-01	3.644317e-01
 152	-8.774286e-01	-3.565714e-01	3.628741e-01
 153	-8.774286e-01	-3.558095e-01	3.653334e-01
 154	-8.774286e-01	-3.535714e-01	3.622201e-01
 155	-8.774286e-01	-3.576667e-01	3.583671e-01
 156	-8.774286e-01	-3.510952e-01	3.669317e-01
 157	-8.774286e-01	-3.562857e-01	3.624765e-01
 158	-8.774286e-01	-3.580000e-01	3.648725e-01
 159	-8.774286e-01	-3.577619e-01	3.645382e-01
 160	-8.774286e-01	-3.566667e-01	3.618098e-01
 161	-8.774286e-01	-3.537143e-01	3.621163e-01
 162	-8.774286e-01	-4.603810e-01	3.634018e-01
 163	-8.774286e-01	-4.613810e-01	3.645157e-01
 164	-8.774286e-01	-3.588571e-01	3.606997e-01
 165	-8.774286e-01	-3.566667e-01	3.655224e-01
 166	-8.774286e-01	-3.548095e-01	3.638362e-01
 167	-8.774286e-01	-3.541429e-01	3.616062e-01
 168	-8.774286e-01	-3.539048e-01	3.620785e-01
 169	-8.774286e-01	-3.559048e-01	3.643545e-01
 170	-8.774286e-01	-4.455714e-01	3.561676e-01
 171	-8.774286e-01	-3.560952e-01	3.622118e-01
 172	-8.774286e-01	-3.561429e-01	3.608341e-01
 173	-8.774286e-01	-3.592381e-01	3.616242e-01
 174	-8.774286e-01	-3.549524e-01	3.606302e-01
 175	-8.774286e-01	-3.550000e-01	3.629936e-01
 176	-8.774286e-01	-3.546191e-01	3.633697e-01
 177	-8.774286e-01	-3.547619e-01	3.623623e-01
 178	-8.774286e-01	-3.559524e-01	3.663461e-01
 179	-8.774286e-01	-3.588571e-01	3.660796e-01
 180	-8.774286e-01	-3.521429e-01	3.624331e-01
 181	-8.774286e-01	-3.551905e-01	3.609588e-01
 182	-8.774286e-01	-3.557619e-01	3.617494e-01
 183	-8.774286e-01	-3.571429e-01	3.670043e-01
 184	-8.774286e-01	-3.571905e-01	3.665632e-01
 185	-8.774286e-01	-3.546190e-01	3.628667e-01
 186	-8.774286e-01	-3.568095e-01	3.632060e-01
 187	-8.774286e-01	-3.578571e-01	3.646719e-01
 188	-8.774286e-01	-3.567143e-01	3.630732e-01
 189	-8.774286e-01	-3.565714e-01	3.628741e-01
 190	-8.774286e-01	-3.572857e-01	3.638712e-01
 191	-8.774286e-01	-4.413810e-01	3.572896e-01
 192	-8.774286e-01	-3.546667e-01	3.602365e-01
 193	-8.774286e-01	-3.578095e-01	3.646050e-01
 194	-8.774286e-01	-3.547143e-01	3.603021e-01
 195	-8.774286e-01	-3.616667e-01	3.625601e-01
 196	-8.774286e-01	-3.560000e-01	3.620796e-01
 197	-8.774286e-01	-3.556190e-01	3.615514e-01
 198	-8.774286e-01	-3.571905e-01	3.637380e-01
 199	-8.774286e-01	-3.518095e-01	3.665859e-01
 200	-8.774286e-01	-3.520952e-01	3.601900e-01
 201	-8.774286e-01	-3.550476e-01	3.646733e-01
 202	-8.774286e-01	-3.547143e-01	3.603021e-01
 203	-8.774286e-01	-3.528571e-01	3.624406e-01
 204	-8.774286e-01	-3.582857e-01	3.652742e-01
 205	-8.774286e-01	-3.586667e-01	3.638036e-01
 206	-8.774286e-01	-3.547619e-01	3.603676e-01
 207	-8.774286e-01	-3.577619e-01	3.670646e-01
 208	-8.774286e-01	-3.566191e-01	3.629405e-01
 209	-8.774286e-01	-3.570952e-01	3.636049e-01
 210	-8.774286e-01	-3.580952e-01	3.650063e-01
 211	-8.774286e-01	-3.555714e-01	3.614855e-01
 212	-8.774286e-01	-3.560476e-01	3.621457e-01
 213	-8.774286e-01	-3.550000e-01	3.606958e-01
 214	-8.774286e-01	-3.572857e-01	3.638712e-01
 215	-8.774286e-01	-3.574762e-01	3.635365e-01
 216	-8.774286e-01	-3.526191e-01	3.670984e-01
 217	-8.774286e-01	-3.554286e-01	3.634890e-01
 218	-8.774286e-01	-3.534762e-01	3.586038e-01
 219	-8.774286e-01	-3.585714e-01	3.656766e-01
 220	-8.774286e-01	-3.550476e-01	3.657676e-01
 221	-8.774286e-01	-3.577619e-01	3.645382e-01
 222	-8.774286e-01	-3.576191e-01	3.643379e-01
 223	-8.774286e-01	-3.539524e-01	3.635533e-01
 224	-8.774286e-01	-3.572857e-01	3.638712e-01
 225	-8.774286e-01	-3.577619e-01	3.643374e-01
 226	-8.774286e-01	-3.566190e-01	3.653544e-01
 227	-8.774286e-01	-3.563333e-01	3.625427e-01
 228	-8.774286e-01	-3.580952e-01	3.650063e-01
 229	-8.774286e-01	-3.558571e-01	3.618814e-01
 230	-8.774286e-01	-3.531905e-01	3.582138e-01
 231	-8.774286e-01	-3.549524e-01	3.643381e-01
 232	-8.774286e-01	-3.601905e-01	3.625607e-01
 233	-8.774286e-01	-3.550476e-01	3.638650e-01
 234	-8.774286e-01	-4.456667e-01	3.541382e-01
 235	-8.774286e-01	-3.518095e-01	3.595999e-01
 236	-8.797143e-01	-3.739524e-01	3.581305e-01
 237	-8.797143e-01	-3.566667e-01	3.630248e-01
 238	-8.797143e-01	-3.564286e-01	3.659072e-01
 239	-8.797143e-01	-3.644762e-01	3.603262e-01
 240	-8.797143e-01	-3.516667e-01	3.628051e-01
 241	-8.797143e-01	-3.545714e-01	3.601369e-01
 242	-8.797143e-01	-3.532381e-01	3.637703e-01
 243	-8.797143e-01	-3.553810e-01	3.637432e-01
 244	-8.811429e-01	-4.719048e-01	3.737035e-01
 245	-8.811429e-01	-3.603809e-01	3.644294e-01
 246	-8.811429e-01	-3.548095e-01	3.604843e-01
 247	-8.811429e-01	-3.835714e-01	3.525500e-01
 248	-8.811429e-01	-3.539048e-01	3.592507e-01
 249	-8.811429e-01	-3.569048e-01	3.661764e-01
 250	-8.811429e-01	-3.561429e-01	3.695880e-01
 251	-8.811429e-01	-3.592857e-01	3.666903e-01
 252	-8.811429e-01	-3.584286e-01	3.654888e-01
 253	-8.811429e-01	-3.548571e-01	3.666301e-01
 254	-8.811429e-01	-3.692857e-01	3.580854e-01
 255	-8.811429e-01	-3.534286e-01	3.586044e-01
 256	-8.811429e-01	-3.579048e-01	3.647576e-01
 257	-8.811429e-01	-3.866190e-01	3.490740e-01
 258	-8.811429e-01	-3.542857e-01	3.639508e-01
 259	-8.811429e-01	-3.570476e-01	3.635661e-01
 260	-8.811429e-01	-3.542381e-01	3.597044e-01
 261	-8.811429e-01	-3.580952e-01	3.650233e-01
 262	-8.811429e-01	-3.564286e-01	3.627094e-01
 263	-8.811429e-01	-3.582381e-01	3.652227e-01
 264	-8.811429e-01	-3.550952e-01	3.642652e-01
 265	-8.811429e-01	-3.573810e-01	3.640287e-01
 266	-8.811429e-01	-3.581429e-01	3.674052e-01
 267	-8.811429e-01	-3.587619e-01	3.659553e-01
 268	-8.811429e-01	-3.597619e-01	3.624112e-01
 269	-8.811429e-01	-3.561905e-01	3.649797e-01
 270	-8.811429e-01	-3.565238e-01	3.628410e-01
 271	-8.811429e-01	-3.580952e-01	3.650233e-01
 272	-8.811429e-01	-3.585238e-01	3.656220e-01
 273	-8.811429e-01	-3.574286e-01	3.640949e-01
 274	-8.811429e-01	-3.563810e-01	3.626436e-01
 275	-8.811429e-01	-3.563333e-01	3.659849e-01
 276	-8.811429e-01	-3.570476e-01	3.635661e-01
 277	-8.811429e-01	-3.550952e-01	3.642652e-01
 278	-8.811429e-01	-3.553810e-01	3.612670e-01
 279	-8.811429e-01	-4.735238e-01	3.746150e-01
 280	-8.811429e-01	-3.563333e-01	3.625779e-01
 281	-8.811429e-01	-3.563809e-01	3.664557e-01
 282	-8.811429e-01	-3.580476e-01	3.648568e-01
 283	-8.811429e-01	-3.717619e-01	3.555369e-01
 284	-8.811429e-01	-3.564762e-01	3.627752e-01
 285	-8.811429e-01	-4.594762e-01	3.641406e-01
 286	-8.811429e-01	-3.589524e-01	3.662223e-01
 287	-8.811429e-01	-3.550476e-01	3.648031e-01
 288	-8.811429e-01	-3.551905e-01	3.642965e-01
 289	-8.811429e-01	-3.560000e-01	3.621182e-01
 290	-8.811429e-01	-3.584286e-01	3.654888e-01
 291	-8.811429e-01	-3.563333e-01	3.625779e-01
 292	-8.811429e-01	-3.559524e-01	3.639469e-01
 293	-8.811429e-01	-3.535714e-01	3.587981e-01
 294	-8.811429e-01	-3.452857e-01	3.760436e-01
 295	-8.811429e-01	-3.564762e-01	3.658812e-01
 296	-8.811429e-01	-3.559048e-01	3.620863e-01
 297	-8.811429e-01	-3.578095e-01	3.646249e-01
 298	-8.811429e-01	-3.560000e-01	3.647152e-01
 299	-8.811429e-01	-3.590476e-01	3.663559e-01
 300	-8.811429e-01	-4.713333e-01	3.729759e-01
 301	-8.811429e-01	-3.564286e-01	3.627094e-01
 302	-8.811429e-01	-3.625714e-01	3.638427e-01
 303	-8.811429e-01	-3.582857e-01	3.652892e-01
 304	-8.811429e-01	-3.602857e-01	3.626942e-01
 305	-8.811429e-01	-3.570000e-01	3.672202e-01
 306	-8.811429e-01	-3.552381e-01	3.610711e-01
 307	-8.811429e-01	-3.571905e-01	3.637642e-01
 308	-8.811429e-01	-3.574762e-01	3.641611e-01
 309	-8.811429e-01	-3.555714e-01	3.661190e-01
 310	-8.811429e-01	-3.583809e-01	3.654223e-01
 311	-8.811429e-01	-3.570000e-01	3.635001e-01
 312	-8.811429e-01	-3.576667e-01	3.644260e-01
 313	-8.811429e-01	-3.577619e-01	3.636607e-01
 314	-8.811429e-01	-3.579524e-01	3.683546e-01
 315	-8.811429e-01	-3.561429e-01	3.623151e-01
 316	-8.811429e-01	-3.586667e-01	3.615527e-01
 317	-8.811429e-01	-3.527619e-01	3.615581e-01
 318	-8.811429e-01	-3.623809e-01	3.638707e-01
 319	-8.811429e-01	-3.586191e-01	3.685826e-01
 320	-8.811429e-01	-4.609524e-01	3.645247e-01
 321	-8.811429e-01	-3.592381e-01	3.666234e-01
 322	-8.811429e-01	-3.578571e-01	3.646913e-01
 323	-8.811429e-01	-3.525714e-01	3.648491e-01
 324	-8.811429e-01	-3.554762e-01	3.655998e-01
 325	-8.811429e-01	-3.531905e-01	3.582819e-01
 326	-8.811429e-01	-3.557143e-01	3.645197e-01
 327	-8.811429e-01	-3.550476e-01	3.651057e-01
 328	-8.811429e-01	-3.544286e-01	3.629440e-01
 329	-8.811429e-01	-3.559048e-01	3.619870e-01
 330	-8.811429e-01	-3.581429e-01	3.647895e-01
 331	-8.811429e-01	-3.571905e-01	3.623298e-01
 332	-8.811429e-01	-4.597619e-01	3.831918e-01
 333	-8.811429e-01	-3.577143e-01	3.625026e-01
 334	-8.811429e-01	-3.577143e-01	3.644923e-01
 335	-8.811429e-01	-3.745238e-01	3.542272e-01
 336	-8.811429e-01	-3.830952e-01	3.502890e-01
 337	-8.811429e-01	-3.589048e-01	3.661556e-01
 338	-8.811429e-01	-3.575714e-01	3.642935e-01
 339	-8.811429e-01	-3.575238e-01	3.620413e-01
 340	-8.811429e-01	-3.584762e-01	3.655554e-01
 341	-8.811429e-01	-3.575714e-01	3.642935e-01
 342	-8.811429e-01	-4.689524e-01	3.710548e-01
 343	-8.811429e-01	-3.561905e-01	3.623807e-01
 344	-8.811429e-01	-3.567619e-01	3.634032e-01
 345	-8.811429e-01	-3.722381e-01	3.550168e-01
 346	-8.811429e-01	-3.551429e-01	3.639294e-01
 347	-8.811429e-01	-3.579048e-01	3.647576e-01
 348	-8.811429e-01	-3.565238e-01	3.649405e-01
 349	-8.811429e-01	-3.552381e-01	3.610711e-01
 350	-8.811429e-01	-3.567143e-01	3.631044e-01
 351	-8.811429e-01	-3.957143e-01	3.434387e-01
 352	-8.811429e-01	-3.565238e-01	3.651415e-01
 353	-8.811429e-01	-3.587619e-01	3.659553e-01
 354	-8.811429e-01	-3.522381e-01	3.711885e-01
 355	-8.811429e-01	-3.575714e-01	3.642935e-01
 356	-8.811429e-01	-3.528095e-01	3.621229e-01
 357	-8.811429e-01	-3.572857e-01	3.638964e-01
 358	-8.811429e-01	-3.581905e-01	3.651562e-01
 359	-8.811429e-01	-3.588571e-01	3.660888e-01
 360	-8.811429e-01	-3.563333e-01	3.643748e-01
 361	-8.811429e-01	-3.575714e-01	3.674131e-01
 362	-8.811429e-01	-4.714762e-01	3.729915e-01
 363	-8.811429e-01	-3.586667e-01	3.658220e-01
 364	-8.811429e-01	-3.576667e-01	3.644260e-01
 365	-8.811429e-01	-3.575238e-01	3.642273e-01
 366	-8.811429e-01	-3.580000e-01	3.648904e-01
 367	-8.811429e-01	-3.548571e-01	3.605494e-01
 368	-8.811429e-01	-3.567619e-01	3.627776e-01
 369	-8.811429e-01	-3.558571e-01	3.642158e-01
 370	-8.811429e-01	-3.567619e-01	3.631703e-01
 371	-8.811429e-01	-3.561905e-01	3.654832e-01
 372	-8.811429e-01	-3.579048e-01	3.647576e-01
 373	-8.811429e-01	-3.579048e-01	3.673745e-01
 374	-8.811429e-01	-3.533810e-01	3.607113e-01
 375	-8.811429e-01	-3.567143e-01	3.636028e-01
 376	-8.811429e-01	-3.551905e-01	3.673325e-01
 377	-8.811429e-01	-3.598095e-01	3.622499e-01
 378	-8.811429e-01	-3.565714e-01	3.629068e-01
 379	-8.811429e-01	-3.579048e-01	3.647576e-01
 380	-8.811429e-01	-3.580476e-01	3.649568e-01
 381	-8.811429e-01	-3.563810e-01	3.626436e-01
 382	-8.811429e-01	-3.570000e-01	3.635001e-01
 383	-8.811429e-01	-3.542857e-01	3.597692e-01
 384	-8.811429e-01	-3.558571e-01	3.619215e-01
 385	-8.811429e-01	-3.481429e-01	3.713935e-01
 386	-8.811429e-01	-3.536190e-01	3.626319e-01
 387	-8.811429e-01	-3.589048e-01	3.661556e-01
 388	-8.811429e-01	-3.570000e-01	3.635001e-01
 389	-8.811429e-01	-3.586190e-01	3.657553e-01
 390	-8.811429e-01	-4.675238e-01	3.694945e-01
 391	-8.811429e-01	-3.591429e-01	3.664896e-01
 392	-8.811429e-01	-3.560476e-01	3.621838e-01
 393	-8.811429e-01	-3.864286e-01	3.505118e-01
 394	-8.811429e-01	-3.599524e-01	3.629409e-01
 395	-8.811429e-01	-4.571429e-01	3.600334e-01
 396	-8.811429e-01	-3.562857e-01	3.625121e-01
 397	-8.811429e-01	-3.543333e-01	3.666046e-01
 398	-8.811429e-01	-3.541905e-01	3.663939e-01
 399	-8.811429e-01	-3.520000e-01	3.629839e-01
 400	-8.811429e-01	-3.585238e-01	3.656220e-01
 401	-8.811429e-01	-3.542381e-01	3.637846e-01
 402	-8.811429e-01	-3.558571e-01	3.660288e-01
 403	-8.811429e-01	-3.586190e-01	3.657553e-01
 404	-8.811429e-01	-3.569524e-01	3.657386e-01
 405	-8.811429e-01	-3.562857e-01	3.568842e-01
 406	-8.811429e-01	-3.569524e-01	3.634341e-01
 407	-8.811429e-01	-3.557143e-01	3.617249e-01
 408	-8.811429e-01	-3.569524e-01	3.634341e-01
 409	-8.811429e-01	-3.575238e-01	3.642273e-01
 410	-8.811429e-01	-3.571429e-01	3.636982e-01
 411	-8.811429e-01	-3.570476e-01	3.635661e-01
 412	-8.811429e-01	-3.527143e-01	3.636682e-01
 413	-8.811429e-01	-3.576191e-01	3.643598e-01
 414	-8.811429e-01	-3.560952e-01	3.622494e-01
 415	-8.811429e-01	-3.564762e-01	3.656794e-01
 416	-8.811429e-01	-3.550476e-01	3.639985e-01
 417	-8.811429e-01	-3.536190e-01	3.624318e-01
 418	-8.811429e-01	-3.568571e-01	3.633021e-01
 419	-8.811429e-01	-3.580000e-01	3.648904e-01
 420	-8.811429e-01	-3.525714e-01	3.601050e-01
 421	-8.811429e-01	-3.610476e-01	3.586134e-01
 422	-8.811429e-01	-3.578095e-01	3.646249e-01
 423	-8.811429e-01	-3.610000e-01	3.643047e-01
 424	-8.811429e-01	-3.579524e-01	3.651244e-01
 425	-8.811429e-01	-3.563333e-01	3.661870e-01
 426	-8.811429e-01	-3.554762e-01	3.610020e-01
 427	-8.811429e-01	-3.560952e-01	3.622494e-01
 428	-8.811429e-01	-3.552857e-01	3.666515e-01
 429	-8.811429e-01	-3.550476e-01	3.660158e-01
 430	-8.811429e-01	-3.570000e-01	3.655030e-01
 431	-8.811429e-01	-3.575714e-01	3.653953e-01
 432	-8.811429e-01	-3.601429e-01	3.654445e-01
 433	-8.811429e-01	-3.563810e-01	3.648424e-01
 434	-8.811429e-01	-3.589524e-01	3.638249e-01
 435	-8.811429e-01	-3.564286e-01	3.627094e-01
 436	-8.811429e-01	-3.595714e-01	3.670921e-01
 437	-8.811429e-01	-3.529524e-01	3.683683e-01
 438	-8.811429e-01	-3.553333e-01	3.678994e-01
 439	-8.811429e-01	-3.578571e-01	3.646913e-01
 440	-8.811429e-01	-3.561429e-01	3.623151e-01
 441	-8.811429e-01	-3.588095e-01	3.656208e-01
 442	-8.811429e-01	-3.550952e-01	3.621649e-01
 443	-8.811429e-01	-3.540476e-01	3.594450e-01
 444	-8.811429e-01	-3.588095e-01	3.660221e-01
 445	-8.811429e-01	-3.572857e-01	3.678239e-01
 446	-8.811429e-01	-3.568571e-01	3.633021e-01
 447	-8.811429e-01	-3.584286e-01	3.654888e-01
 448	-8.811429e-01	-3.571429e-01	3.666102e-01
 449	-8.811429e-01	-3.567619e-01	3.631703e-01
 450	-8.811429e-01	-3.543810e-01	3.598991e-01
 451	-8.811429e-01	-3.541905e-01	3.653027e-01
 452	-8.811429e-01	-4.610000e-01	3.645028e-01
 453	-8.811429e-01	-3.578095e-01	3.646249e-01
 454	-8.811429e-01	-3.569048e-01	3.661764e-01
 455	-8.811429e-01	-3.577619e-01	3.648588e-01
 456	-8.811429e-01	-3.578571e-01	3.646913e-01
 457	-8.811429e-01	-3.571905e-01	3.637642e-01
 458	-8.811429e-01	-3.572381e-01	3.638303e-01
 459	-8.811429e-01	-3.582857e-01	3.652892e-01
 460	-8.811429e-01	-3.559048e-01	3.614915e-01
 461	-8.811429e-01	-3.675714e-01	3.551016e-01
 462	-8.811429e-01	-3.586190e-01	3.657553e-01
 463	-8.811429e-01	-3.555238e-01	3.614631e-01
 464	-8.811429e-01	-3.560952e-01	3.622494e-01
 465	-8.811429e-01	-3.575238e-01	3.642273e-01
 466	-8.811429e-01	-3.572381e-01	3.638303e-01
 467	-8.811429e-01	-3.575714e-01	3.642935e-01
 468	-8.811429e-01	-3.557619e-01	3.636832e-01
 469	-8.811429e-01	-3.524286e-01	3.652291e-01
 470	-8.811429e-01	-3.576667e-01	3.644260e-01
 471	-8.811429e-01	-3.575714e-01	3.642935e-01
 472	-8.811429e-01	-3.563809e-01	3.664557e-01
 473	-8.811429e-01	-3.553810e-01	3.643593e-01
 474	-8.811429e-01	-3.577619e-01	3.570993e-01
 475	-8.811429e-01	-3.574286e-01	3.640949e-01
 476	-8.811429e-01	-3.643809e-01	3.617908e-01
 477	-8.811429e-01	-3.550000e-01	3.607449e-01
 478	-8.811429e-01	-3.564762e-01	3.627752e-01
 479	-8.811429e-01	-3.566667e-01	3.666524e-01
 480	-8.811429e-01	-3.574762e-01	3.667735e-01
 481	-8.811429e-01	-3.568095e-01	3.646352e-01
 482	-8.811429e-01	-3.570952e-01	3.636321e-01
 483	-8.811429e-01	-3.544286e-01	3.625442e-01
 484	-8.811429e-01	-3.579048e-01	3.647576e-01
 485	-8.811429e-01	-4.544286e-01	3.600241e-01
 486	-8.811429e-01	-3.589048e-01	3.661556e-01
 487	-8.811429e-01	-3.594286e-01	3.668911e-01
 488	-8.811429e-01	-3.567143e-01	3.631044e-01
 489	-8.811429e-01	-3.560000e-01	3.664304e-01
 490	-8.811429e-01	-3.595714e-01	3.670921e-01
 491	-8.811429e-01	-3.571429e-01	3.636982e-01
 492	-8.811429e-01	-3.573810e-01	3.640287e-01
 493	-8.811429e-01	-3.564286e-01	3.658148e-01
 494	-8.811429e-01	-3.570476e-01	3.640651e-01
 495	-8.811429e-01	-3.543810e-01	3.657669e-01
 496	-8.811429e-01	-3.586190e-01	3.657553e-01
 497	-8.811429e-01	-3.554762e-01	3.613978e-01
 498	-8.811429e-01	-3.552857e-01	3.611364e-01
 499	-8.811429e-01	-3.530952e-01	3.645894e-01
 500	-8.811429e-01	-3.756190e-01	3.491787e-01
 501	-8.811429e-01	-4.818095e-01	3.819129e-01
 502	-8.811429e-01	-3.569524e-01	3.634341e-01
 503	-8.811429e-01	-3.544762e-01	3.639121e-01
 504	-8.811429e-01	-3.537143e-01	3.653589e-01
 505	-8.811429e-01	-3.555714e-01	3.615286e-01
 506	-8.811429e-01	-3.581905e-01	3.651562e-01
 507	-8.811429e-01	-3.585714e-01	3.656886e-01
 508	-8.811429e-01	-3.571905e-01	3.637642e-01
 509	-8.811429e-01	-3.550000e-01	3.607449e-01
 510	-8.811429e-01	-3.581429e-01	3.650897e-01
 511	-8.811429e-01	-3.561905e-01	3.652816e-01
 512	-8.811429e-01	-3.588571e-01	3.660888e-01
 513	-8.811429e-01	-3.554286e-01	3.642243e-01
 514	-8.811429e-01	-3.569048e-01	3.633681e-01
 515	-8.811429e-01	-3.749048e-01	3.527149e-01
 516	-8.811429e-01	-3.562381e-01	3.624464e-01
 517	-8.811429e-01	-3.573333e-01	3.639626e-01
 518	-8.811429e-01	-5.996667e-01	3.544542e-01
 519	-8.811429e-01	-3.558095e-01	3.618559e-01
 520	-8.811429e-01	-3.558571e-01	3.668394e-01
 521	-8.811429e-01	-3.551905e-01	3.650012e-01
 522	-8.811429e-01	-3.576667e-01	3.647261e-01
 523	-8.811429e-01	-3.633809e-01	3.622959e-01
 524	-8.811429e-01	-3.572381e-01	3.638303e-01
 525	-8.811429e-01	-3.566667e-01	3.630385e-01
 526	-8.811429e-01	-3.644762e-01	3.566736e-01
 527	-8.811429e-01	-3.576667e-01	3.644260e-01
 528	-8.811429e-01	-3.582381e-01	3.652227e-01
 529	-8.811429e-01	-4.728571e-01	3.737935e-01
 530	-8.811429e-01	-3.554286e-01	3.613324e-01
 531	-8.811429e-01	-3.592857e-01	3.666903e-01
 532	-8.811429e-01	-3.578095e-01	3.646249e-01
 533	-8.811429e-01	-3.571905e-01	3.637642e-01
 534	-8.811429e-01	-3.666667e-01	3.564135e-01
 535	-8.811429e-01	-3.600000e-01	3.676961e-01
 536	-8.811429e-01	-3.518095e-01	3.628223e-01
 537	-8.811429e-01	-3.560476e-01	3.653852e-01
 538	-8.811429e-01	-3.688571e-01	3.573033e-01
 539	-8.811429e-01	-3.584286e-01	3.646884e-01
 540	-8.811429e-01	-3.534286e-01	3.635508e-01
 541	-8.811429e-01	-4.296190e-01	3.488211e-01
 542	-8.811429e-01	-3.581429e-01	3.650897e-01
 543	-8.811429e-01	-3.600000e-01	3.606536e-01
 544	-8.811429e-01	-3.571905e-01	3.637642e-01
 545	-8.811429e-01	-3.545714e-01	3.633411e-01
 546	-8.811429e-01	-3.538095e-01	3.618941e-01
 547	-8.811429e-01	-3.548095e-01	3.644734e-01
 548	-8.811429e-01	-4.869524e-01	3.869807e-01
 549	-8.868572e-01	-3.583333e-01	3.717254e-01
 550	-8.868572e-01	-3.561905e-01	3.607931e-01
 551	-8.868572e-01	-3.575238e-01	3.642871e-01
 552	-8.868572e-01	-3.588571e-01	3.661275e-01
 553	-8.868572e-01	-3.594286e-01	3.669208e-01
 554	-8.868572e-01	-3.523333e-01	3.725538e-01
 555	-8.868572e-01	-3.592857e-01	3.675224e-01
 556	-8.868572e-01	-3.583810e-01	3.654684e-01
 557	-8.868572e-01	-3.581429e-01	3.651396e-01
 558	-8.868572e-01	-3.587143e-01	3.659295e-01
 559	-8.868572e-01	-4.707143e-01	3.722605e-01
 560	-8.868572e-01	-3.560476e-01	3.622672e-01
 561	-8.868572e-01	-3.583333e-01	3.654026e-01
 562	-8.868572e-01	-3.604286e-01	3.683157e-01
 563	-8.868572e-01	-3.546191e-01	3.603305e-01
 564	-8.868572e-01	-3.619048e-01	3.703899e-01
 565	-8.868572e-01	-3.573333e-01	3.670180e-01
 566	-8.868572e-01	-3.590952e-01	3.696739e-01
 567	-8.868572e-01	-3.578571e-01	3.647457e-01
 568	-8.868572e-01	-3.558095e-01	3.619432e-01
 569	-8.868572e-01	-3.491905e-01	3.732102e-01
 570	-8.868572e-01	-3.556667e-01	3.635556e-01
 571	-8.868572e-01	-3.737143e-01	3.564762e-01
 572	-8.868572e-01	-3.564762e-01	3.653338e-01
 573	-8.868572e-01	-3.574286e-01	3.641562e-01
 574	-8.868572e-01	-3.564762e-01	3.628517e-01
 575	-8.868572e-01	-3.552381e-01	3.646330e-01
 576	-8.868572e-01	-3.576667e-01	3.644835e-01
 577	-8.868572e-01	-3.595714e-01	3.671195e-01
 578	-8.868572e-01	-3.583810e-01	3.654684e-01
 579	-8.868572e-01	-3.600952e-01	3.678498e-01
 580	-8.868572e-01	-3.586190e-01	3.657977e-01
 581	-8.868572e-01	-3.594762e-01	3.669870e-01
 582	-8.868572e-01	-3.546667e-01	3.603947e-01
 583	-8.868572e-01	-3.590476e-01	3.663916e-01
 584	-8.868572e-01	-3.575238e-01	3.642871e-01
 585	-8.868572e-01	-3.582381e-01	3.652711e-01
 586	-8.868572e-01	-3.608571e-01	3.659233e-01
 587	-8.868572e-01	-3.570476e-01	3.636334e-01
 588	-8.868572e-01	-3.547619e-01	3.649808e-01
 589	-8.868572e-01	-3.579048e-01	3.649106e-01
 590	-8.868572e-01	-3.534762e-01	3.669446e-01
 591	-8.868572e-01	-3.584286e-01	3.638498e-01
 592	-8.868572e-01	-3.556667e-01	3.649208e-01
 593	-8.868572e-01	-3.489524e-01	3.675354e-01
 594	-8.868572e-01	-3.575714e-01	3.643525e-01
 595	-8.868572e-01	-3.607619e-01	3.656919e-01
 596	-8.868572e-01	-4.717619e-01	3.755208e-01
 597	-8.868572e-01	-3.553333e-01	3.612966e-01
 598	-8.868572e-01	-3.579048e-01	3.648113e-01
 599	-8.868572e-01	-3.599048e-01	3.675840e-01
 600	-8.868572e-01	-3.580476e-01	3.650083e-01
 601	-8.868572e-01	-3.573333e-01	3.640254e-01
 602	-8.868572e-01	-3.576667e-01	3.644835e-01
 603	-8.868572e-01	-3.600476e-01	3.677833e-01
 604	-8.868572e-01	-3.578571e-01	3.647457e-01
 605	-8.868572e-01	-3.574286e-01	3.641562e-01
 606	-8.868572e-01	-3.580952e-01	3.669702e-01
 607	-8.868572e-01	-3.723810e-01	3.566573e-01
 608	-8.868572e-01	-3.583810e-01	3.654684e-01
 609	-8.868572e-01	-3.575714e-01	3.667456e-01
 610	-8.868572e-01	-3.596667e-01	3.672521e-01
 611	-8.868572e-01	-3.582857e-01	3.638507e-01
 612	-8.868572e-01	-3.590952e-01	3.664577e-01
 613	-8.868572e-01	-3.587143e-01	3.659295e-01
 614	-8.868572e-01	-3.583333e-01	3.654026e-01
 615	-8.868572e-01	-3.572381e-01	3.668861e-01
 616	-8.868572e-01	-3.571905e-01	3.638293e-01
 617	-8.868572e-01	-3.577619e-01	3.706220e-01
 618	-8.868572e-01	-3.556191e-01	3.648555e-01
 619	-8.868572e-01	-3.573333e-01	3.640254e-01
 620	-8.868572e-01	-3.586190e-01	3.657977e-01
 621	-8.868572e-01	-3.559048e-01	3.682329e-01
 622	-8.868572e-01	-3.569524e-01	3.659900e-01
 623	-8.868572e-01	-3.575238e-01	3.642871e-01
 624	-8.868572e-01	-4.755714e-01	3.762920e-01
 625	-8.868572e-01	-3.577619e-01	3.636248e-01
 626	-8.868572e-01	-3.569048e-01	3.634377e-01
 627	-8.868572e-01	-3.577619e-01	3.646146e-01
 628	-8.868572e-01	-3.595238e-01	3.670533e-01
 629	-8.868572e-01	-3.549048e-01	3.642767e-01
 630	-8.868572e-01	-3.556667e-01	3.617490e-01
 631	-8.868572e-01	-4.840000e-01	3.841193e-01
 632	-8.868572e-01	-3.701905e-01	3.597566e-01
 633	-8.868572e-01	-3.580952e-01	3.650739e-01
 634	-8.868572e-01	-3.549048e-01	3.648761e-01
 635	-8.868572e-01	-3.577143e-01	3.645490e-01
 636	-8.868572e-01	-3.590476e-01	3.663916e-01
 637	-8.868572e-01	-3.586667e-01	3.658636e-01
 638	-8.868572e-01	-3.559524e-01	3.621375e-01
 639	-8.868572e-01	-3.559524e-01	3.650133e-01
 640	-8.868572e-01	-3.590476e-01	3.664914e-01
 641	-8.868572e-01	-3.585714e-01	3.641451e-01
 642	-8.868572e-01	-3.595714e-01	3.691279e-01
 643	-8.868572e-01	-3.585714e-01	3.657318e-01
 644	-8.868572e-01	-3.589048e-01	3.661935e-01
 645	-8.868572e-01	-3.570000e-01	3.666571e-01
 646	-8.868572e-01	-3.579524e-01	3.648770e-01
 647	-8.868572e-01	-3.591905e-01	3.665899e-01
 648	-8.868572e-01	-3.575238e-01	3.642871e-01
 649	-8.868572e-01	-3.571905e-01	3.666195e-01
 650	-8.868572e-01	-3.980952e-01	3.448440e-01
 651	-8.868572e-01	-3.515238e-01	3.748776e-01
 652	-8.868572e-01	-3.614286e-01	3.697188e-01
 653	-8.868572e-01	-3.563333e-01	3.661379e-01
 654	-8.868572e-01	-3.608571e-01	3.653298e-01
 655	-8.868572e-01	-3.576667e-01	3.644835e-01
 656	-8.868572e-01	-3.580952e-01	3.678744e-01
 657	-8.868572e-01	-3.591905e-01	3.638141e-01
 658	-8.868572e-01	-3.545238e-01	3.626639e-01
 659	-8.868572e-01	-3.551905e-01	3.652677e-01
 660	-8.868572e-01	-3.573333e-01	3.651177e-01
 661	-8.868572e-01	-3.580000e-01	3.649426e-01
 662	-8.868572e-01	-3.567143e-01	3.631770e-01
 663	-8.868572e-01	-3.564286e-01	3.664700e-01
 664	-8.868572e-01	-3.572381e-01	3.613368e-01
 665	-8.868572e-01	-3.550952e-01	3.609741e-01
 666	-8.868572e-01	-3.576667e-01	3.675808e-01
 667	-8.868572e-01	-3.543333e-01	3.564889e-01
 668	-8.868572e-01	-3.589524e-01	3.662595e-01
 669	-8.868572e-01	-3.581429e-01	3.651396e-01
 670	-8.868572e-01	-3.566190e-01	3.658305e-01
 671	-8.868572e-01	-3.567143e-01	3.631770e-01
 672	-8.868572e-01	-3.551905e-01	3.641689e-01
 673	-8.868572e-01	-3.573333e-01	3.609782e-01
 674	-8.868572e-01	-3.588571e-01	3.661275e-01
 675	-8.868572e-01	-3.570000e-01	3.635682e-01
 676	-8.868572e-01	-3.593333e-01	3.667884e-01
 677	-8.868572e-01	-3.567143e-01	3.664630e-01
 678	-8.868572e-01	-3.591905e-01	3.665899e-01
 679	-8.868572e-01	-3.590952e-01	3.664577e-01
 680	-8.868572e-01	-3.575714e-01	3.643525e-01
 681	-8.868572e-01	-3.589524e-01	3.693727e-01
 682	-8.868572e-01	-3.595714e-01	3.671195e-01
 683	-8.868572e-01	-3.570476e-01	3.636334e-01
 684	-8.868572e-01	-3.583333e-01	3.635216e-01
 685	-8.868572e-01	-3.568095e-01	3.636040e-01
 686	-8.868572e-01	-3.582381e-01	3.652711e-01
 687	-8.868572e-01	-3.583333e-01	3.669999e-01
 688	-8.868572e-01	-3.684286e-01	3.607796e-01
 689	-8.868572e-01	-3.570000e-01	3.635682e-01
 690	-8.868572e-01	-3.599048e-01	3.675840e-01
 691	-8.868572e-01	-3.963810e-01	3.453285e-01
 692	-8.868572e-01	-3.556190e-01	3.661389e-01
 693	-8.868572e-01	-3.584286e-01	3.668316e-01
 694	-8.868572e-01	-3.585238e-01	3.656659e-01
 695	-8.868572e-01	-3.570476e-01	3.636334e-01
 696	-8.868572e-01	-3.588571e-01	3.661275e-01
 697	-8.868572e-01	-3.590952e-01	3.664577e-01
 698	-8.868572e-01	-3.595238e-01	3.671532e-01
 699	-8.868572e-01	-3.590000e-01	3.663255e-01
 700	-8.868572e-01	-3.572381e-01	3.638946e-01
 701	-8.868572e-01	-3.587619e-01	3.649025e-01
 702	-8.868572e-01	-3.576667e-01	3.644835e-01
 703	-8.868572e-01	-3.604762e-01	3.683823e-01
 704	-8.868572e-01	-3.540000e-01	3.677083e-01
 705	-8.868572e-01	-3.556191e-01	3.637599e-01
 706	-8.868572e-01	-3.549048e-01	3.671515e-01
 707	-8.868572e-01	-3.555238e-01	3.641268e-01
 708	-8.868572e-01	-3.889048e-01	3.490323e-01
 709	-8.868572e-01	-3.480476e-01	3.719485e-01
 710	-8.868572e-01	-3.580000e-01	3.649426e-01
 711	-8.868572e-01	-3.576667e-01	3.644835e-01
 712	-8.868572e-01	-3.572381e-01	3.663846e-01
 713	-8.868572e-01	-3.585714e-01	3.633564e-01
 714	-8.868572e-01	-3.579524e-01	3.681794e-01
 715	-8.868572e-01	-3.600000e-01	3.677168e-01
 716	-8.868572e-01	-5.134286e-01	3.556730e-01
 717	-8.868572e-01	-3.827143e-01	3.544979e-01
 718	-8.868572e-01	-4.056191e-01	3.469817e-01
 719	-8.868572e-01	-3.567143e-01	3.631770e-01
 720	-8.868572e-01	-3.587619e-01	3.659955e-01
 721	-8.868572e-01	-3.598095e-01	3.674512e-01
 722	-8.868572e-01	-3.804762e-01	3.523790e-01
 723	-8.868572e-01	-3.554286e-01	3.644947e-01
 724	-8.868572e-01	-3.600952e-01	3.678498e-01
 725	-8.868572e-01	-3.570000e-01	3.719771e-01
 726	-8.868572e-01	-3.718095e-01	3.584808e-01
 727	-8.868572e-01	-3.601905e-01	3.679828e-01
 728	-8.868572e-01	-3.593333e-01	3.667884e-01
 729	-8.868572e-01	-4.686667e-01	3.703030e-01
 730	-8.868572e-01	-3.593333e-01	3.667884e-01
 731	-8.868572e-01	-3.692857e-01	3.612164e-01
 732	-8.868572e-01	-3.576190e-01	3.663106e-01
 733	-8.868572e-01	-3.590476e-01	3.663916e-01
 734	-8.868572e-01	-3.601429e-01	3.679163e-01
 735	-8.868572e-01	-3.590000e-01	3.671646e-01
 736	-8.868572e-01	-3.598095e-01	3.674512e-01
 737	-8.868572e-01	-3.571429e-01	3.676597e-01
 738	-8.868572e-01	-3.565714e-01	3.661655e-01
 739	-8.868572e-01	-3.605714e-01	3.685156e-01
 740	-8.868572e-01	-3.570476e-01	3.636334e-01
 741	-8.868572e-01	-3.571429e-01	3.665537e-01
 742	-8.868572e-01	-3.569048e-01	3.668267e-01
 743	-8.868572e-01	-3.580476e-01	3.670044e-01
 744	-8.868572e-01	-3.560000e-01	3.657790e-01
 745	-8.868572e-01	-3.561905e-01	3.624618e-01
 746	-8.868572e-01	-3.590000e-01	3.663255e-01
 747	-8.868572e-01	-3.582857e-01	3.658346e-01
 748	-8.868572e-01	-3.573333e-01	3.666166e-01
 749	-8.868572e-01	-3.571429e-01	3.637640e-01
 750	-8.868572e-01	-3.580952e-01	3.650739e-01
 751	-8.868572e-01	-3.575238e-01	3.677853e-01
 752	-8.868572e-01	-4.349048e-01	3.518990e-01
 753	-8.868572e-01	-3.588571e-01	3.661275e-01
 754	-8.868572e-01	-3.565714e-01	3.629818e-01
 755	-8.868572e-01	-4.877619e-01	3.878053e-01
 756	-8.868572e-01	-4.681429e-01	3.609736e-01
 757	-8.868572e-01	-3.580952e-01	3.650739e-01
 758	-8.868572e-01	-3.617619e-01	3.637946e-01
 759	-8.868572e-01	-3.576191e-01	3.644180e-01
 760	-8.868572e-01	-3.598095e-01	3.674512e-01
 761	-8.868572e-01	-3.566191e-01	3.665322e-01
 762	-8.868572e-01	-3.592381e-01	3.666560e-01
 763	-8.868572e-01	-3.568095e-01	3.668959e-01
 764	-8.868572e-01	-3.580952e-01	3.650739e-01
 765	-8.868572e-01	-3.821905e-01	3.533705e-01
 766	-8.868572e-01	-3.572857e-01	3.667513e-01
 767	-8.868572e-01	-3.591429e-01	3.690329e-01
 768	-8.868572e-01	-3.592857e-01	3.667222e-01
 769	-8.868572e-01	-3.582381e-01	3.652711e-01
 770	-8.868572e-01	-3.596667e-01	3.672521e-01
 771	-8.868572e-01	-3.861905e-01	3.508819e-01
 772	-8.868572e-01	-3.570000e-01	3.635682e-01
 773	-8.868572e-01	-3.580000e-01	3.649426e-01
 774	-8.868572e-01	-3.595714e-01	3.671195e-01
 775	-8.868572e-01	-3.592857e-01	3.665226e-01
 776	-8.868572e-01	-3.583810e-01	3.654684e-01
 777	-8.868572e-01	-3.640000e-01	3.586437e-01
 778	-8.868572e-01	-3.565714e-01	3.658650e-01
 779	-8.868572e-01	-3.702381e-01	3.607565e-01
 780	-8.868572e-01	-3.580952e-01	3.650739e-01
 781	-8.868572e-01	-3.628571e-01	3.652553e-01
 782	-8.868572e-01	-3.561905e-01	3.658409e-01
 783	-8.868572e-01	-3.572857e-01	3.680597e-01
 784	-8.868572e-01	-3.441905e-01	3.707651e-01
 785	-8.868572e-01	-3.549048e-01	3.638781e-01
 786	-8.868572e-01	-3.568095e-01	3.633073e-01
 787	-8.868572e-01	-3.570476e-01	3.665223e-01
 788	-8.868572e-01	-3.563333e-01	3.648381e-01
 789	-8.868572e-01	-3.583333e-01	3.674011e-01
 790	-8.868572e-01	-3.575238e-01	3.676845e-01
 791	-8.868572e-01	-3.629524e-01	3.617869e-01
 792	-8.868572e-01	-3.590000e-01	3.663255e-01
 793	-8.868572e-01	-3.555238e-01	3.615550e-01
 794	-8.868572e-01	-3.609048e-01	3.689828e-01
 795	-8.868572e-01	-3.563333e-01	3.626567e-01
 796	-8.868572e-01	-3.582381e-01	3.689815e-01
 797	-8.868572e-01	-4.032857e-01	3.455618e-01
 798	-8.868572e-01	-3.586667e-01	3.658636e-01
 799	-8.868572e-01	-3.594762e-01	3.686923e-01
 800	-8.868572e-01	-3.578571e-01	3.677447e-01
 801	-8.868572e-01	-4.714286e-01	3.727065e-01
 802	-8.868572e-01	-3.595238e-01	3.670533e-01
 803	-8.868572e-01	-3.588095e-01	3.660615e-01
 804	-8.868572e-01	-3.574762e-01	3.684255e-01
 805	-8.868572e-01	-4.540476e-01	3.605298e-01
 806	-8.868572e-01	-3.601905e-01	3.679828e-01
 807	-8.868572e-01	-4.592381e-01	3.588082e-01
 808	-8.868572e-01	-3.580952e-01	3.650739e-01
 809	-8.868572e-01	-3.560952e-01	3.656096e-01
 810	-8.868572e-01	-3.571905e-01	3.663188e-01
 811	-8.868572e-01	-3.562857e-01	3.655715e-01
 812	-8.868572e-01	-3.599048e-01	3.675840e-01
 813	-8.868572e-01	-3.553333e-01	3.649633e-01
 814	-8.868572e-01	-3.606667e-01	3.686490e-01
 815	-8.868572e-01	-3.590952e-01	3.664577e-01
 816	-8.868572e-01	-3.533333e-01	3.622267e-01
 817	-8.868572e-01	-3.606190e-01	3.612851e-01
 818	-8.868572e-01	-3.552857e-01	3.636025e-01
 819	-8.868572e-01	-3.573810e-01	3.640908e-01
 820	-8.868572e-01	-3.580952e-01	3.652728e-01
 821	-8.868572e-01	-3.581905e-01	3.652054e-01
 822	-8.868572e-01	-4.749048e-01	3.757065e-01
 823	-8.868572e-01	-3.559524e-01	3.680006e-01
 824	-8.868572e-01	-3.584286e-01	3.655342e-01
 825	-8.868572e-01	-3.569524e-01	3.659900e-01
 826	-8.868572e-01	-3.561905e-01	3.657407e-01
 827	-8.868572e-01	-4.166667e-01	3.488281e-01
 828	-8.868572e-01	-3.597143e-01	3.673185e-01
 829	-8.868572e-01	-3.598095e-01	3.669515e-01
 830	-8.868572e-01	-3.580000e-01	3.649426e-01
 831	-8.868572e-01	-3.582381e-01	3.652711e-01
 832	-8.868572e-01	-3.631429e-01	3.547864e-01
 833	-8.868572e-01	-3.586191e-01	3.696151e-01
 834	-8.868572e-01	-4.563333e-01	3.611925e-01
 835	-8.868572e-01	-3.571429e-01	3.637640e-01
 836	-8.868572e-01	-3.622857e-01	3.658367e-01
 837	-8.868572e-01	-3.577143e-01	3.645490e-01
 838	-8.868572e-01	-3.559524e-01	3.651132e-01
 839	-8.868572e-01	-3.578095e-01	3.672763e-01
 840	-8.868572e-01	-3.583810e-01	3.687766e-01
 841	-8.868572e-01	-3.608095e-01	3.688492e-01
 842	-8.868572e-01	-3.555238e-01	3.650246e-01
 843	-8.868572e-01	-3.584762e-01	3.656001e-01
 844	-8.868572e-01	-3.594286e-01	3.696349e-01
 845	-8.868572e-01	-3.609524e-01	3.690496e-01
 846	-8.868572e-01	-3.565238e-01	3.629167e-01
 847	-8.868572e-01	-3.594286e-01	3.669208e-01
 848	-8.868572e-01	-3.570952e-01	3.636987e-01
 849	-8.868572e-01	-3.563810e-01	3.627216e-01
 850	-8.868572e-01	-3.569048e-01	3.634377e-01
 851	-8.868572e-01	-3.571905e-01	3.638293e-01
 852	-8.868572e-01	-3.555238e-01	3.652246e-01
 853	-8.868572e-01	-3.584762e-01	3.656001e-01
 854	-8.868572e-01	-3.585238e-01	3.656659e-01
 855	-8.868572e-01	-3.595714e-01	3.671195e-01
 856	-8.868572e-01	-3.574762e-01	3.642216e-01
 857	-8.868572e-01	-3.576190e-01	3.665108e-01
 858	-8.868572e-01	-3.590000e-01	3.663255e-01
 859	-8.868572e-01	-3.569048e-01	3.670277e-01
 860	-8.868572e-01	-3.579524e-01	3.648770e-01
 861	-8.868572e-01	-3.580476e-01	3.650083e-01
 862	-8.868572e-01	-3.594762e-01	3.646944e-01
 863	-8.868572e-01	-3.578571e-01	3.671416e-01
 864	-8.868572e-01	-3.587619e-01	3.659955e-01
 865	-8.868572e-01	-3.578095e-01	3.646802e-01
 866	-8.868572e-01	-3.576190e-01	3.694155e-01
 867	-8.868572e-01	-3.589048e-01	3.661935e-01
 868	-8.868572e-01	-3.584286e-01	3.655342e-01
 869	-8.868572e-01	-3.561905e-01	3.664428e-01
 870	-8.868572e-01	-3.553810e-01	3.676445e-01
 871	-8.868572e-01	-3.557143e-01	3.648863e-01
 872	-8.868572e-01	-3.555238e-01	3.631338e-01
 873	-8.868572e-01	-3.550952e-01	3.645373e-01
 874	-8.868572e-01	-3.579524e-01	3.648770e-01
 875	-8.868572e-01	-3.589048e-01	3.661935e-01
 876	-8.868572e-01	-3.581429e-01	3.651396e-01
 877	-8.868572e-01	-3.584762e-01	3.696180e-01
 878	-8.868572e-01	-3.643333e-01	3.638929e-01
 879	-8.868572e-01	-3.572857e-01	3.674549e-01
 880	-8.868572e-01	-3.607143e-01	3.687157e-01
 881	-8.868572e-01	-3.596667e-01	3.651628e-01
 882	-8.868572e-01	-3.612381e-01	3.701563e-01
 883	-8.868572e-01	-3.573810e-01	3.657892e-01
 884	-8.868572e-01	-3.588095e-01	3.660615e-01
 885	-8.868572e-01	-3.559048e-01	3.639519e-01
 886	-8.868572e-01	-3.580000e-01	3.679433e-01
 887	-8.868572e-01	-3.597143e-01	3.671565e-01
 888	-8.868572e-01	-3.570952e-01	3.636987e-01
 889	-8.868572e-01	-3.543810e-01	3.600094e-01
 890	-8.868572e-01	-3.552857e-01	3.675762e-01
 891	-8.868572e-01	-3.585714e-01	3.657318e-01
 892	-8.868572e-01	-3.544762e-01	3.667600e-01
 893	-8.868572e-01	-3.586190e-01	3.657977e-01
 894	-8.868572e-01	-3.582857e-01	3.653369e-01
 895	-8.868572e-01	-3.585238e-01	3.633580e-01
 896	-8.868572e-01	-3.603810e-01	3.624154e-01
 897	-8.868572e-01	-3.584762e-01	3.656001e-01
 898	-8.868572e-01	-3.600000e-01	3.677168e-01
 899	-8.868572e-01	-3.571429e-01	3.637640e-01
 900	-8.868572e-01	-3.555714e-01	3.672709e-01
 901	-8.868572e-01	-3.574762e-01	3.642216e-01
 902	-8.868572e-01	-3.607143e-01	3.687157e-01
 903	-8.868572e-01	-3.588095e-01	3.692741e-01
 904	-8.868572e-01	-3.532381e-01	3.617135e-01
 905	-8.868572e-01	-3.546191e-01	3.603305e-01
 906	-8.868572e-01	-4.590476e-01	3.638268e-01
 907	-8.868572e-01	-4.324286e-01	3.516899e-01
 908	-8.868572e-01	-3.653809e-01	3.578981e-01
 909	-8.868572e-01	-3.585238e-01	3.656659e-01
 910	-8.868572e-01	-3.580476e-01	3.650083e-01
 911	-8.868572e-01	-3.567619e-01	3.653277e-01
 912	-8.868572e-01	-3.652857e-01	3.609795e-01
 913	-8.868572e-01	-3.569048e-01	3.634377e-01
 914	-8.868572e-01	-3.557143e-01	3.651860e-01
 915	-8.868572e-01	-3.574286e-01	3.641562e-01
 916	-8.868572e-01	-3.591429e-01	3.665238e-01
 917	-8.868572e-01	-3.569524e-01	3.703965e-01
 918	-8.868572e-01	-3.539048e-01	3.627155e-01
 919	-8.868572e-01	-3.576191e-01	3.644180e-01
 920	-8.868572e-01	-3.575714e-01	3.643525e-01
 921	-8.868572e-01	-3.598095e-01	3.674512e-01
 922	-8.868572e-01	-3.570000e-01	3.635682e-01
 923	-8.868572e-01	-3.588095e-01	3.660615e-01
 924	-8.868572e-01	-3.565714e-01	3.647757e-01
 925	-8.868572e-01	-3.597619e-01	3.672848e-01
 926	-8.868572e-01	-3.564762e-01	3.659340e-01
 927	-8.868572e-01	-3.517143e-01	3.612434e-01
 928	-8.868572e-01	-3.569048e-01	3.634377e-01
 929	-8.868572e-01	-3.660952e-01	3.612412e-01
 930	-8.868572e-01	-3.570476e-01	3.636334e-01
 931	-8.868572e-01	-3.578095e-01	3.646802e-01
 932	-8.868572e-01	-3.564762e-01	3.664354e-01
 933	-8.868572e-01	-3.589048e-01	3.661935e-01
 934	-8.868572e-01	-3.589048e-01	3.661935e-01
 935	-8.868572e-01	-3.569048e-01	3.679347e-01
 936	-8.868572e-01	-3.570952e-01	3.636987e-01
 937	-8.868572e-01	-3.440000e-01	3.763360e-01
 938	-8.868572e-01	-3.546190e-01	3.668970e-01
 939	-8.868572e-01	-3.581429e-01	3.651396e-01
 940	-8.868572e-01	-3.592381e-01	3.666560e-01
 941	-8.868572e-01	-3.580952e-01	3.676731e-01
 942	-8.868572e-01	-3.572857e-01	3.664504e-01
 943	-8.868572e-01	-4.159524e-01	3.453918e-01
 944	-8.868572e-01	-3.579524e-01	3.648770e-01
 945	-8.868572e-01	-3.574762e-01	3.679207e-01
 946	-8.868572e-01	-3.578571e-01	3.647457e-01
 947	-8.868572e-01	-3.573810e-01	3.640908e-01
 948	-8.868572e-01	-3.560952e-01	3.623320e-01
 949	-8.868572e-01	-4.549524e-01	3.621004e-01
 950	-8.868572e-01	-3.596667e-01	3.714925e-01
 951	-8.868572e-01	-3.604286e-01	3.683157e-01
 952	-8.868572e-01	-4.585238e-01	3.627340e-01
 953	-8.868572e-01	-3.554762e-01	3.649593e-01
 954	-8.868572e-01	-3.586191e-01	3.656982e-01
 955	-8.868572e-01	-3.574762e-01	3.675178e-01
 956	-8.868572e-01	-3.578095e-01	3.682833e-01
 957	-8.868572e-01	-3.588095e-01	3.660615e-01
 958	-8.868572e-01	-3.555714e-01	3.655904e-01
 959	-8.868572e-01	-3.600476e-01	3.640121e-01
 960	-8.868572e-01	-3.461429e-01	3.701965e-01
 961	-8.868572e-01	-3.555714e-01	3.647902e-01
 962	-8.868572e-01	-3.521429e-01	3.708532e-01
 963	-8.868572e-01	-3.575714e-01	3.643525e-01
 964	-8.868572e-01	-3.581429e-01	3.651396e-01
 965	-8.868572e-01	-3.607619e-01	3.687825e-01
 966	-8.868572e-01	-3.586667e-01	3.658636e-01
 967	-8.868572e-01	-3.568571e-01	3.633725e-01
 968	-8.868572e-01	-4.157619e-01	3.460998e-01
 969	-8.868572e-01	-3.553333e-01	3.664683e-01
 970	-8.868572e-01	-3.574762e-01	3.682235e-01
 971	-8.868572e-01	-3.561429e-01	3.653750e-01
 972	-8.868572e-01	-3.563333e-01	3.667405e-01
 973	-8.868572e-01	-3.597143e-01	3.637489e-01
 974	-8.868572e-01	-3.576667e-01	3.644835e-01
 975	-8.868572e-01	-3.577143e-01	3.645490e-01
 976	-8.868572e-01	-3.598571e-01	3.675176e-01
 977	-8.868572e-01	-3.571429e-01	3.637640e-01
 978	-8.868572e-01	-3.531429e-01	3.691340e-01
 979	-8.868572e-01	-3.583333e-01	3.644105e-01
 980	-8.868572e-01	-3.586190e-01	3.657977e-01
 981	-8.868572e-01	-3.578095e-01	3.646802e-01
 982	-8.868572e-01	-3.594286e-01	3.669208e-01
 983	-8.868572e-01	-3.562857e-01	3.625917e-01
 984	-8.868572e-01	-3.574762e-01	3.642216e-01
 985	-8.868572e-01	-3.537619e-01	3.694778e-01
 986	-8.868572e-01	-3.579524e-01	3.648770e-01
 987	-8.868572e-01	-3.608095e-01	3.686484e-01
 988	-8.868572e-01	-3.566667e-01	3.631119e-01
 989	-8.868572e-01	-3.975714e-01	3.495035e-01
 990	-8.868572e-01	-3.578095e-01	3.646802e-01
 991	-8.868572e-01	-3.567619e-01	3.632422e-01
 992	-8.868572e-01	-3.584762e-01	3.656001e-01
 993	-8.868572e-01	-3.590476e-01	3.663916e-01
 994	-8.868572e-01	-3.580000e-01	3.649426e-01
 995	-8.868572e-01	-3.577619e-01	3.646146e-01
 996	-8.868572e-01	-3.566191e-01	3.630468e-01
 997	-8.868572e-01	-3.577619e-01	3.646146e-01
 998	-8.868572e-01	-3.575238e-01	3.642871e-01
 999	-8.868572e-01	-3.574762e-01	3.668143e-01
1000	-8.868572e-01	-3.575714e-01	3.643525e-01
